proveedor,id
Agricultura Inteligente TechCultivos,1
Semillero Genetico BioCampo,2
Pesca Sustentable Oceanica,3
Carnes Sostenibles CampoReal,4
Silos y Almacenes AgroVault,5
Veterinaria EcoAnimal,6
Agronutrientes del Futuro,7
BioCosecha Organica,8
Pecuaria Moderna Alcaraz,9
Avicola San Jose,10
Fertilizantes Naturales del Valle,11
Herramientas Agroindustriales Gomez,12
AgroEnvases Sostenibles,13
AgroSoftware Soluciones,14
Semillas Innovadoras S.A.,15
Ganaderia Organica TierraFertil,16
Cultivos Hidroponicos Innovagro,17
AgroQuimicos Naturales BioCultivos,18
EcoFungicidas Morales,19
RiegoSmart Innovacion,20
Energia Renovable AgroSol,21
Tecnosembradoras del Sur,22
Apicola EcoMiel,23
Productos Lacteos EcoLeche,24
Agricola Solaris Energia,25
Vivero Verde Esperanza,26
Cosechadoras Progresivas SA,27
Insecticidas Ecologicos Reyes,28
Maquinaria Agricola Avanzada,29
AgroSuministros del Campo,30
Tractores Eficientes Delgado,31
Mallas AgroProteccion Garcia,32
EcoRiego Soluciones,33
Reforestacion Ecologica VerdeVida,34
Fitosanitarios BioPro,35
